contract,split,word_count,character_count
LIMEENERGYCO_09_09_1999-EX-10-DISTRIBUTOR AGREEMENT,test,5998,54290
"WHITESMOKE,INC_11_08_2011-EX-10.26-PROMOTION AND DISTRIBUTION AGREEMENT",test,11313,70383
LohaCompanyltd_20191209_F-1_EX-10.16_11917878_EX-10.16_Supply Agreement,train,1880,11475
CENTRACKINTERNATIONALINC_10_29_1999-EX-10.3-WEB SITE HOSTING AGREEMENT,validation,2280,15176
NELNETINC_04_08_2020-EX-1-JOINT FILING AGREEMENT,train,170,1081
ADAMSGOLFINC_03_21_2005-EX-10.17-ENDORSEMENT AGREEMENT,train,3770,24632
"KIROMICBIOPHARMA,INC_05_11_2020-EX-10.23-CONSULTING AGREEMENT",train,2766,18403
"VEONEER,INC_02_21_2020-EX-10.11-JOINT VENTURE AGREEMENT",train,1334,8257
DovaPharmaceuticalsInc_20181108_10-Q_EX-10.2_11414857_EX-10.2_Promotion Agreement,train,26789,175580
"PACIRA PHARMACEUTICALS, INC. - A_R STRATEGIC LICENSING, DISTRIBUTION AND MARKETING AGREEMENT ",train,22756,145168
"MetLife, Inc. - Remarketing Agreement",train,17518,111249
"FTENETWORKS,INC_02_18_2016-EX-99.4-STRATEGIC ALLIANCE AGREEMENT",test,5761,37829
DOMINIADVISORTRUST_02_18_2005-EX-99.(H)(2)-SPONSORSHIP AGREEMENT,validation,1847,12555
PfHospitalityGroupInc_20150923_10-12G_EX-10.1_9266710_EX-10.1_Franchise Agreement3,train,1014,6772
CerenceInc_20191002_8-K_EX-10.4_11827494_EX-10.4_Intellectual Property Agreement,validation,9608,62170
ThriventVariableInsuranceAccountB_20190701_N-6_EX-99.D(IV)_11720968_EX-99.D(IV)_Endorsement Agreement,validation,735,4871
ReynoldsConsumerProductsInc_20191115_S-1_EX-10.18_11896469_EX-10.18_Supply Agreement,train,9599,61710
IntegrityFunds_20200121_485BPOS_EX-99.E UNDR CONTR_11948727_EX-99.E UNDR CONTR_Service Agreement,train,3784,23845
PREMIERBIOMEDICALINC_05_14_2020-EX-10.2-INTELLECTUAL PROPERTY AGREEMENT,validation,3596,23282
"SIBANNAC,INC_12_04_2017-EX-2.1-Strategic Alliance Agreement",train,1236,8380
INTRICONCORP_03_10_2009-EX-10.22-Strategic Alliance Agreement,train,7774,52967
BONTONSTORESINC_04_20_2018-EX-99.3-AGENCY AGREEMENT,test,26842,161626
"ON2TECHNOLOGIES,INC_11_17_2006-EX-10.3-SUPPORT AND MAINTENANCE AGREEMENT",validation,8844,61392
Freecook_20180605_S-1_EX-10.3_11233807_EX-10.3_Hosting Agreement,train,997,6341
OPERALTD_04_30_2020-EX-4.14-SERVICE AGREEMENT,test,3326,20983
"BORROWMONEYCOM,INC_06_11_2020-EX-10.1-JOINT VENTURE AGREEMENT",validation,3507,21450
ZEBRATECHNOLOGIESCORP_04_16_2014-EX-10.1-INTELLECTUAL PROPERTY AGREEMENT,validation,19581,127205
ChinaRealEstateInformationCorp_20090929_F-1_EX-10.32_4771615_EX-10.32_Content License Agreement,train,7522,49191
"HERTZGLOBALHOLDINGS,INC_07_07_2016-EX-10.4-INTELLECTUAL PROPERTY AGREEMENT",train,4904,30968
GLOBALTECHNOLOGIESLTD_06_08_2020-EX-10.16-CONSULTING AGREEMENT,validation,3199,20805
PfHospitalityGroupInc_20150923_10-12G_EX-10.1_9266710_EX-10.1_Franchise Agreement1,train,24389,152649
CORIOINC_07_20_2000-EX-10.5-LICENSE AND HOSTING AGREEMENT,train,8396,62324
TUNIUCORP_03_06_2014-EX-10-COOPERATION AGREEMENT,train,2760,17917
CYBERIANOUTPOSTINC_07_09_1998-EX-10.13-PROMOTION AGREEMENT,train,3450,25288
SENMIAOTECHNOLOGYLTD_02_19_2019-EX-10.5-Collaboration Agreement,train,11876,73890
HealthcareIntegratedTechnologiesInc_20190812_8-K_EX-10.1_11776966_EX-10.1_Reseller Agreement,train,3519,22288
LOYALTYPOINTINC_11_16_2004-EX-10.2-RESELLER AGREEMENT,train,12890,117478
BNCMORTGAGEINC_05_17_1999-EX-10.4-LICENSING AND WEB SITE HOSTING AGREEMENT,train,4739,32680
ENERGOUSCORP_03_16_2017-EX-10.24-STRATEGIC ALLIANCE AGREEMENT,train,12422,81926
CytodynInc_20200109_10-Q_EX-10.5_11941634_EX-10.5_License Agreement,train,24801,159488
MSCIINC_02_28_2008-EX-10.10-,test,1851,11770
NICELTD_06_26_2003-EX-4.5-OUTSOURCING AGREEMENT,validation,18608,148163
ImpresseCorp_20000322_S-1A_EX-10.11_5199234_EX-10.11_Co-Branding Agreement,train,7249,47639
AlliedEsportsEntertainmentInc_20190815_8-K_EX-10.19_11788293_EX-10.19_Content License Agreement,train,5471,35504
CHERRYHILLMORTGAGEINVESTMENTCORP_09_26_2013-EX-10.1-Strategic Alliance Agreement,train,4441,27741
CreditcardscomInc_20070810_S-1_EX-10.33_362297_EX-10.33_Affiliate Agreement,train,4045,28804
GALACTICOMMTECHNOLOGIESINC_11_07_1997-EX-10.46-WEB HOSTING AGREEMENT,train,223,1660
"Zounds Hearing, Inc. - MANUFACTURING DESIGN MARKETING AGREEMENT",train,6897,47001
CUROGROUPHOLDINGSCORP_05_04_2020-EX-10.3-SERVICING AGREEMENT,validation,5793,36602
SouthernStarEnergyInc_20051202_SB-2A_EX-9_801890_EX-9_Affiliate Agreement,train,3607,22721
ConformisInc_20191101_10-Q_EX-10.6_11861402_EX-10.6_Development Agreement,train,9583,63217
Principal Life Insurance Company - Broker Dealer Marketing and Servicing Agreement,test,4366,29599
LegacyEducationAllianceInc_20200330_10-K_EX-10.18_12090678_EX-10.18_Development Agreement,train,7337,46255
VerizonAbsLlc_20200123_8-K_EX-10.4_11952335_EX-10.4_Service Agreement,train,45143,289615
VERICELCORP_08_06_2019-EX-10.10-SUPPLY AGREEMENT,train,15862,102006
WPPPLC_04_30_2020-EX-4.28-SERVICE AGREEMENT,test,10958,65547
"WASTE2ENERGYHOLDINGS,INC_06_03_2010-EX-10.2-STRATEGIC ALLIANCE AGREEMENT",test,6187,40442
WORLDWIDESTRATEGIESINC_11_02_2005-EX-10-RESELLER AGREEMENT,train,10830,84618
FEDERATEDGOVERNMENTINCOMESECURITIESINC_04_28_2020-EX-99.SERV AGREE-SERVICES AGREEMENT_SECONDAMENDMENT,train,820,5466
AzulSa_20170303_F-1A_EX-10.3_9943903_EX-10.3_Maintenance Agreement2,train,2549,16870
PelicanDeliversInc_20200211_S-1_EX-10.3_11975895_EX-10.3_Development Agreement1,train,2820,16590
ORBSATCORP_08_17_2007-EX-7.3-STRATEGIC ALLIANCE AGREEMENT,train,2909,18445
DRAGONSYSTEMSINC_01_08_1999-EX-10.17-OUTSOURCING AGREEMENT,train,1088,8599
SEPARATEACCOUNTIIOFAGL_05_02_2011-EX-99.(J)(4)-UNCONDITIONAL CAPITAL MAINTENANCE AGREEMENT,validation,2845,20121
GridironBionutrientsInc_20171206_8-K_EX-10.2_10972556_EX-10.2_Endorsement Agreement,train,529,3456
ImperialGardenResortInc_20161028_DRS (on F-1)_EX-10.13_9963189_EX-10.13_Outsourcing Agreement,train,1849,12260
"VIRGINGALACTICHOLDINGS,INC_04_08_2020-EX-99.1-JOINT FILING STATEMENT",validation,188,1194
FuseMedicalInc_20190321_10-K_EX-10.43_11575454_EX-10.43_Distributor Agreement,train,5339,32502
ASPIRITYHOLDINGSLLC_05_07_2012-EX-10.6-OUTSOURCING AGREEMENT,test,10095,67111
"OASYSMOBILE,INC_07_05_2001-EX-10.17-OUTSOURCING AGREEMENT",train,8147,58860
MEDIWOUNDLTD_01_15_2014-EX-10.6-SUPPLY AGREEMENT,train,7708,49915
UpjohnInc_20200121_10-12G_EX-2.6_11948692_EX-2.6_Manufacturing Agreement_ Supply Agreement,train,33948,225094
"Antares Pharma, Inc. - Manufacturing Agreement",train,16365,106786
RareElementResourcesLtd_20171019_SC 13D_EX-99.4_10897534_EX-99.4_Intellectual Property Agreement,train,5415,34461
VARIABLESEPARATEACCOUNT_04_30_2014-EX-13.C-UNCONDITIONAL CAPITAL MAINTENANCE AGREEMENT,train,2381,15202
ABILITYINC_06_15_2020-EX-4.25-SERVICES AGREEMENT,train,4115,26346
ELECTRAMECCANICA VEHICLES CORP. - Manufacturing Agreement,train,7251,47889
GopageCorp_20140221_10-K_EX-10.1_8432966_EX-10.1_Content License Agreement,train,6030,39622
BICYCLETHERAPEUTICSPLC_03_10_2020-EX-10.11-SERVICE AGREEMENT,train,9252,57041
FreezeTagInc_20180411_8-K_EX-10.1_11139603_EX-10.1_Sponsorship Agreement,train,4102,26753
TELEGLOBEINTERNATIONALHOLDINGSLTD_03_29_2004-EX-10.10-CONSTRUCTION AND MAINTENANCE AGREEMENT,train,15095,94266
WEBHELPCOMINC_03_22_2000-EX-10.8-HOSTING AGREEMENT,train,2955,19257
INTERNATIONALFASTFOODCORP_04_04_1997-EX-99-FRANCHISE AGREEMENT,train,16157,116873
BIOCEPTINC_08_19_2013-EX-10-COLLABORATION AGREEMENT,validation,12142,79052
PACIFICSYSTEMSCONTROLTECHNOLOGYINC_08_24_2000-EX-10.53-SPONSORSHIP AGREEMENT,validation,682,4066
NANOPHASETECHNOLOGIESCORP_11_01_2005-EX-99.1-DISTRIBUTOR AGREEMENT,train,7663,48612
AzulSa_20170303_F-1A_EX-10.3_9943903_EX-10.3_Maintenance Agreement1,train,34155,233248
PelicanDeliversInc_20200211_S-1_EX-10.3_11975895_EX-10.3_Development Agreement2,train,4870,32093
"NETGEAR,INC_04_21_2003-EX-10.16-AMENDMENT TO THE DISTRIBUTOR AGREEMENT BETWEEN INGRAM MICRO AND NETGEAR",test,973,8113
NEONSYSTEMSINC_03_01_1999-EX-10.5-DISTRIBUTOR AGREEMENT_Amendment,train,2848,21994
"Columbia Laboratories, (Bermuda) Ltd. - AMEND NO. 2 TO MANUFACTURING AND SUPPLY AGREEMENT",train,7145,45846
SPARKLINGSPRINGWATERHOLDINGSLTD_07_03_2002-EX-10.13-SOFTWARE LICENSE AND MAINTENANCE AGREEMENT,train,3885,27714
N2KINC_10_16_1997-EX-10.16-SPONSORSHIP AGREEMENT,train,5558,49518
NUVEEN - REMARKETING AGREEMENT,train,11298,70631
ArconicRolledProductsCorp_20191217_10-12B_EX-2.7_11923804_EX-2.7_Trademark License Agreement,train,2828,18069
SECURIANFUNDSTRUST_05_01_2012-EX-99.28.H.9-NET INVESTMENT INCOME MAINTENANCE AGREEMENT,train,1538,9700
WELLSFARGOMORTGAGEBACKEDSECURITIES2006-6TRUST_05_11_2006-EX-10.3-Yield Maintenance Agreement,train,5299,37683
REWALKROBOTICSLTD_07_10_2014-EX-10.2-STRATEGIC ALLIANCE AGREEMENT,train,2320,14979
PenntexMidstreamPartnersLp_20150416_S-1A_EX-10.4_9042833_EX-10.4_Transportation Agreement,test,7965,52008
FerroglobePlc_20150624_F-4A_EX-10.20_9154746_EX-10.20_Outsourcing Agreement,train,4627,30309
TodosMedicalLtd_20190328_20-F_EX-4.10_11587157_EX-4.10_Marketing Agreement_ Reseller Agreement,train,5066,32321
PrecheckHealthServicesInc_20200320_8-K_EX-99.2_12070169_EX-99.2_Distributor Agreement,train,970,6320
INKTOMICORP_06_08_1998-EX-10.14-SOFTWARE HOSTING AGREEMENT,train,9916,70664
"OAKTREECAPITALGROUP,LLC_03_02_2020-EX-10.8-Services Agreement",test,3194,20133
BANGIINC_05_25_2005-EX-10-Premium Managed Hosting Agreement,train,302,2010
AMERICANPHYSICIANSCAPITALINC_03_31_2003-EX-10.26-AGENCY AGREEMENT,validation,2901,23999
GULFSOUTHMEDICALSUPPLYINC_12_24_1997-EX-4-AFFILIATE AGREEMENT,train,2765,27015
"BELLRINGBRANDS,INC_02_07_2020-EX-10.18-MASTER SUPPLY AGREEMENT",train,5813,37876
AimmuneTherapeuticsInc_20200205_8-K_EX-10.3_11967170_EX-10.3_Development Agreement,validation,25298,167973
HEALTHGATEDATACORP_11_24_1999-EX-10.1-HOSTING AND MANAGEMENT AGREEMENT (1),train,17975,148691
"INTELLIGENTHIGHWAYSOLUTIONS,INC_01_18_2018-EX-10.1-Strategic Alliance Agreement",train,1217,8288
ATMOSENERGYCORP_11_22_2002-EX-10.17-TRANSPORTATION SERVICE AGREEMENT,train,2588,24151
PacificapEntertainmentHoldingsInc_20051115_8-KA_EX-1.01_4300894_EX-1.01_Content License Agreement,test,2500,18138
ReedsInc_20191113_10-Q_EX-10.4_11888303_EX-10.4_Development Agreement,train,4301,28331
RgcResourcesInc_20151216_8-K_EX-10.3_9372751_EX-10.3_Franchise Agreement,train,805,5171
"BELLICUMPHARMACEUTICALS,INC_05_07_2019-EX-10.1-Supply Agreement",train,28275,188674
MARTINMIDSTREAMPARTNERSLP_01_23_2004-EX-10.3-TRANSPORTATION SERVICES AGREEMENT,train,2175,13995
RUBIOSRESTAURANTSINC_03_31_2008-EX-10.75-SPONSORSHIP AGREEMENT,train,5760,37103
CardlyticsInc_20180112_S-1_EX-10.16_11002987_EX-10.16_Maintenance Agreement2,train,387,2819
"XLITECHNOLOGIES,INC_12_11_2015-EX-10.1-Sponsorship Agreement",validation,2851,18240
ScansourceInc_20190822_10-K_EX-10.38_11793958_EX-10.38_Distributor Agreement2,validation,2044,13330
VERTEXENERGYINC_08_14_2014-EX-10.24-OPERATION AND MAINTENANCE AGREEMENT,validation,8601,57254
NYLIACVARIABLEANNUITYSEPARATEACCOUNTIII_04_10_2020-EX-99.8.KK-SERVICE AGREEMENT,validation,1072,6840
STWRESOURCESHOLDINGCORP_08_06_2014-EX-10.1-COOPERATION AGREEMENT,train,4448,27721
AlliedEsportsEntertainmentInc_20190815_8-K_EX-10.34_11788308_EX-10.34_Sponsorship Agreement,test,5852,37796
SLOVAKWIRELESSFINANCECOBV_03_28_2001-EX-4.(B)(II).3-Maintenance and support contract for SICAP(R) modules,train,3435,33577
ANIXABIOSCIENCESINC_06_09_2020-EX-10.1-COLLABORATION AGREEMENT,train,6178,40519
"ELFBEAUTY,INC_07_02_2020-EX-10.1-COOPERATION AGREEMENT",test,7265,45484
HarpoonTherapeuticsInc_20200312_10-K_EX-10.18_12051356_EX-10.18_Development Agreement,train,38518,249551
DigitalCinemaDestinationsCorp_20111220_S-1_EX-10.10_7346719_EX-10.10_Affiliate Agreement,train,16673,109014
VERTICALNETINC_04_01_2002-EX-10.19-MAINTENANCE AND SUPPORT AGREEMENT,train,10705,78033
TcPipelinesLp_20160226_10-K_EX-99.12_9454048_EX-99.12_Transportation Agreement,test,916,6088
HUBEIMINKANGPHARMACEUTICALLTD_09_19_2006-EX-10.1-OUTSOURCING AGREEMENT,train,1836,11322
CardlyticsInc_20180112_S-1_EX-10.16_11002987_EX-10.16_Maintenance Agreement3,train,251,1707
ACCURAYINC_09_01_2010-EX-10.31-DISTRIBUTOR AGREEMENT,train,13349,89484
"MIDDLEBROOKPHARMACEUTICALS,INC_03_18_2010-EX-10.1-PROMOTION AGREEMENT",train,8879,57646
AIRSPANNETWORKSINC_04_11_2000-EX-10.5-Distributor Agreement,validation,10292,70444
ArcGroupInc_20171211_8-K_EX-10.1_10976103_EX-10.1_Sponsorship Agreement,train,2622,16773
AtnInternationalInc_20191108_10-Q_EX-10.1_11878541_EX-10.1_Maintenance Agreement,test,34973,228943
"SightLife Surgical, Inc. - STRATEGIC SALES _ MARKETING AGREEMENT",train,3604,23895
InmodeLtd_20190729_F-1A_EX-10.9_11743243_EX-10.9_Manufacturing Agreement,test,6122,39588
GRANTIERRAENERGYINC_05_07_2012-EX-10.6-TRANSPORTATION CONTRACT,train,35339,229670
"VIVINT SOLAR, INC. - NON-COMPETITION AGREEMENT",validation,506,3493
FUSIONPHARMACEUTICALSINC_06_05_2020-EX-10.17-Supply Agreement - FUSION,train,6318,40597
CHIPMOSTECHNOLOGIESBERMUDALTD_04_18_2016-EX-4.72-Strategic Alliance Agreement,train,2026,13506
URSCORPNEW_03_17_2014-EX-99-COOPERATION AGREEMENT,train,6004,37211
GpaqAcquisitionHoldingsInc_20200123_S-4A_EX-10.6_11951677_EX-10.6_License Agreement,test,7187,45234
SalesforcecomInc_20171122_10-Q_EX-10.1_10961535_EX-10.1_Reseller Agreement,test,435,2935
SLINGERBAGINC_05_27_2020-EX-10.7-CONSULTING AGREEMENT,validation,5346,33425
RitterPharmaceuticalsInc_20200313_S-4A_EX-10.54_12055220_EX-10.54_Development Agreement,train,18871,122688
IGENEBIOTECHNOLOGYINC_05_13_2003-EX-1-JOINT VENTURE AGREEMENT,validation,11330,70625
ENERGYXXILTD_05_08_2015-EX-10.13-Transportation AGREEMENT,train,9243,60982
EtonPharmaceuticalsInc_20191114_10-Q_EX-10.1_11893941_EX-10.1_Development Agreement,train,10256,65651
ScansourceInc_20190822_10-K_EX-10.38_11793958_EX-10.38_Distributor Agreement1,validation,12904,84384
CardlyticsInc_20180112_S-1_EX-10.16_11002987_EX-10.16_Maintenance Agreement1,train,25087,165322
"NETGEAR,INC_04_21_2003-EX-10.16-DISTRIBUTOR AGREEMENT",train,6029,41501
EcoScienceSolutionsInc_20171117_8-K_EX-10.1_10956472_EX-10.1_Endorsement Agreement,train,2843,18104
AMERICASSHOPPINGMALLINC_12_10_1999-EX-10.2-SITE DEVELOPMENT AND HOSTING AGREEMENT,validation,2892,19351
DataCallTechnologies_20060918_SB-2A_EX-10.9_944510_EX-10.9_Content License Agreement,train,1666,14171
JINGWEIINTERNATIONALLTD_10_04_2007-EX-10.7-INTELLECTUAL PROPERTY AGREEMENT,train,2356,15298
FEDERATEDGOVERNMENTINCOMESECURITIESINC_04_28_2020-EX-99.SERV AGREE-SERVICES AGREEMENT,train,1762,11043
AMBASSADOREYEWEARGROUPINC_11_17_1997-EX-10.28-ENDORSEMENT AGREEMENT,validation,5780,39727
MRSFIELDSORIGINALCOOKIESINC_01_29_1998-EX-10-FRANCHISE AGREEMENT,train,33705,249359
PalmerSquareCapitalBdcInc_20200116_10-12GA_EX-10.6_11949289_EX-10.6_Trademark License Agreement,train,2306,14764
LUCIDINC_04_15_2011-EX-10.9-DISTRIBUTOR AGREEMENT,train,2351,15540
UsioInc_20040428_SB-2_EX-10.11_1723988_EX-10.11_Affiliate Agreement 2,test,3740,26115
EmmisCommunicationsCorp_20191125_8-K_EX-10.6_11906433_EX-10.6_Marketing Agreement,train,2709,17300
ENTERTAINMENTGAMINGASIAINC_02_15_2005-EX-10.5-DISTRIBUTOR AGREEMENT,test,6920,44702
"Magenta Therapeutics, Inc. - Master Development and Manufacturing Agreement",train,11308,73598
"GRIDIRONBIONUTRIENTS,INC_02_05_2020-EX-10.3-SUPPLY AGREEMENT",test,903,5713
PapaJohnsInternationalInc_20190617_8-K_EX-10.1_11707365_EX-10.1_Endorsement Agreement,train,10661,68204
SUMMAFOURINC_06_19_1998-EX-10.3-SOFTWARE LICENSE AND MAINTENANCE AGREEMENT,validation,14158,117803
MACROGENICSINC_08_02_2013-EX-10-COLLABORATION AGREEMENT,train,25333,163199
GSVINC_05_15_1998-EX-10-SPONSORSHIP AGREEMENT,train,5880,50835
MorganStanleyDirectLendingFund_20191119_10-12GA_EX-10.5_11898508_EX-10.5_Trademark License Agreement,train,2438,16153
ELANDIAINTERNATIONALINC_04_25_2007-EX-10.21-Outsourcing Agreement,validation,12396,82889
PareteumCorp_20081001_8-K_EX-99.1_2654808_EX-99.1_Hosting Agreement,test,10213,66253
PhasebioPharmaceuticalsInc_20200330_10-K_EX-10.21_12086810_EX-10.21_Development Agreement,validation,45650,291873
USASYNTHETICFUELCORP_10_21_2010-EX-10.10-STRATEGIC ALLIANCE AGREEMENT,train,8033,52252
"KUBIENT,INC_07_02_2020-EX-10.14-MASTER SERVICES AGREEMENT_Part2",test,1185,7600
EdietsComInc_20001030_10QSB_EX-10.4_2606646_EX-10.4_Co-Branding Agreement,train,9075,64192
WESTERN COPPER - NON-COMPETITION AGREEMENT,train,2626,16402
LECLANCHÉ S.A. - JOINT DEVELOPMENT AND MARKETING AGREEMENT,train,3207,20380
"HEMISPHERX - Sales, Marketing, Distribution, and Supply Agreement",train,10901,73685
CardlyticsInc_20180112_S-1_EX-10.16_11002987_EX-10.16_Maintenance Agreement4,train,756,5327
TomOnlineInc_20060501_20-F_EX-4.46_749700_EX-4.46_Co-Branding Agreement,test,17487,112361
MphaseTechnologiesInc_20030911_10-K_EX-10.15_1560667_EX-10.15_Co-Branding Agreement,train,1169,8321
"CERES,INC_01_25_2012-EX-10.20-Collaboration Agreement",train,45577,335282
"INTERSECTENT,INC_05_11_2020-EX-10.1-SUPPLY AGREEMENT",validation,5973,37970
"BABCOCK_WILCOXENTERPRISES,INC_08_04_2015-EX-10.17-INTELLECTUAL PROPERTY AGREEMENT between THE BABCOCK _ WILCOX COMPANY and BABCOCK _ WILCOX ENTERPRISES, INC.",validation,16565,112447
"TRANSPHORM,INC_02_14_2020-EX-10.12(1)-JOINT VENTURE AGREEMENT",test,15468,95181
EuromediaHoldingsCorp_20070215_10SB12G_EX-10.B(01)_525118_EX-10.B(01)_Content License Agreement,train,4580,30050
"Sonos, Inc. - Manufacturing Agreement ",train,17177,109219
"ASHWORTHINC_01_29_1999-EX-10.(D)-PROMOTION AGREEMENT AND NANTZ COMMUNICATIONS, INC.",test,3589,24999
"VAPOTHERM, INC. - Manufacturing and Supply Agreement",train,11847,75632
PLAYAHOTELS_RESORTSNV_03_14_2017-EX-10.22-STRATEGIC ALLIANCE AGREEMENT (Hyatt Ziva Cancun),train,3543,22259
LIGHTBRIDGECORP_11_23_2015-EX-10.26-STRATEGIC ALLIANCE AGREEMENT,validation,3023,19386
"XLITECHNOLOGIES,INC_12_02_2015-EX-10.02-STRATEGIC ALLIANCE AGREEMENT",test,875,5712
HYPERIONSOFTWARECORP_09_28_1994-EX-10.47-EXCLUSIVE DISTRIBUTOR AGREEMENT,train,5290,37682
BUFFALOWILDWINGSINC_06_05_1998-EX-10.3-FRANCHISE AGREEMENT,test,23663,154495
ReynoldsConsumerProductsInc_20200121_S-1A_EX-10.22_11948918_EX-10.22_Service Agreement,train,17207,112910
"GWG HOLDINGS, INC. - ORDERLY MARKETING AGREEMENT",test,4177,25450
BLACKROCKMUNIHOLDINGSINVESTMENTQUALITYFUND_04_07_2020-EX-99.01-JOINT FILING AGREEMENT,train,201,1283
ALLISONTRANSMISSIONHOLDINGSINC_12_15_2014-EX-99.1-COOPERATION AGREEMENT,train,5202,32826
"SPOKHOLDINGS,INC_06_19_2020-EX-10.1-COOPERATION AGREEMENT",validation,2842,17710
WARNINGMANAGEMENTSERVICESINC_12_10_1999-EX-10-ENDORSEMENT AGREEMENT,train,4602,29724
LinkPlusCorp_20050802_8-K_EX-10_3240252_EX-10_Affiliate Agreement,train,2899,25619
RMRGROUPINC_01_22_2020-EX-99.1-JOINT FILING AGREEMENT,train,109,645
SMITHELECTRICVEHICLESCORP_04_04_2012-EX-10.26-FLEET MAINTENANCE AGREEMENT,train,13201,85963
CHINARECYCLINGENERGYCORP_11_14_2013-EX-10.6-Cooperation Agreement,train,2664,16509
"KUBIENT,INC_07_02_2020-EX-10.14-MASTER SERVICES AGREEMENT_Part1",train,4014,26108
NeoformaInc_19991202_S-1A_EX-10.26_5224521_EX-10.26_Co-Branding Agreement,train,13370,98907
AULAMERICANUNITTRUST_04_24_2020-EX-99.8.77-SERVICING AGREEMENT,train,5607,36019
VIOLINMEMORYINC_12_12_2012-EX-10.14-SPONSORSHIP AGREEMENT,train,8499,53764
RaeSystemsInc_20001114_10-Q_EX-10.57_2631790_EX-10.57_Co-Branding Agreement,train,5582,43179
QBIOMEDINC_04_08_2020-EX-99.1-JOINT FILING AGREEMENT,train,429,2732
ZogenixInc_20190509_10-Q_EX-10.2_11663313_EX-10.2_Distributor Agreement,train,26626,175770
LeadersonlineInc_20000427_S-1A_EX-10.8_4991089_EX-10.8_Co-Branding Agreement,train,8078,55296
PRIMEENERGYRESOURCESCORP_04_02_2007-EX-10.28-COMPLETION AND LIQUIDITY MAINTENANCE AGREEMENT,train,742,5030
AgapeAtpCorp_20191202_10-KA_EX-10.1_11911128_EX-10.1_Supply Agreement,test,3292,20693
ArcaUsTreasuryFund_20200207_N-2_EX-99.K5_11971930_EX-99.K5_Development Agreement,train,2316,15318
BIOAMBERINC_04_10_2013-EX-10.34-DEVELOPMENT AGREEMENT - First Amendment,validation,940,6390
"XACCT Technologies, Inc.SUPPORT AND MAINTENANCE AGREEMENT",train,1796,14193
CHANGEPOINTCORP_03_08_2000-EX-10.6-LICENSE AND HOSTING AGREEMENT,validation,18806,161066
Apollo Endosurgery - Manufacturing and Supply Agreement,train,7248,48253
"MJBIOTECH,INC_12_06_2018-EX-99.01-JOINT VENTURE AGREEMENT",train,3709,23582
IDREAMSKYTECHNOLOGYLTD_07_03_2014-EX-10.39-Cooperation Agreement on Mobile Game Business,train,12072,76425
"CANOPETROLEUM,INC_12_13_2007-EX-10.1-Sponsorship Agreement",validation,1449,8852
PhoenixNewMediaLtd_20110421_F-1_EX-10.17_6958322_EX-10.17_Content License Agreement,train,3908,25060
"HOSPITALITYINVESTORSTRUST,INC_04_07_2014-EX-10.26-FRANCHISE AGREEMENT",train,23061,146992
FulucaiProductionsLtd_20131223_10-Q_EX-10.9_8368347_EX-10.9_Content License Agreement,train,2804,18562
"ONEMAINHOLDINGS,INC_02_20_2020-EX-99.D-JOINT FILING AGREEMENT",train,944,5879
MPLXLP_06_17_2015-EX-10.1-TRANSPORTATION SERVICES AGREEMENT,train,8966,57631
LOGANSROADHOUSEINC_03_27_1998-EX-10.17-SPONSORSHIP AGREEMENT,train,2865,19171
FuelcellEnergyInc_20191106_8-K_EX-10.1_11868007_EX-10.1_Development Agreement,train,15880,105662
"THERAVANCEBIOPHARMA,INC_05_08_2020-EX-10.2-SERVICE AGREEMENT",train,5294,32861
BerkshireHillsBancorpInc_20120809_10-Q_EX-10.16_7708169_EX-10.16_Endorsement Agreement,test,4466,29629
DYNAMEXINC_06_06_1996-EX-10.4-TRANSPORTATION SERVICES AGREEMENT,train,6760,49218
VALENCETECHNOLOGYINC_02_14_2003-EX-10-JOINT VENTURE CONTRACT,train,11008,73698
ULTRAGENYXPHARMACEUTICALINC_12_23_2013-EX-10.9-SUPPLY AGREEMENT,train,2274,14592
"NETGEAR,INC_04_21_2003-EX-10.16- AMENDMENT #2 TO THE DISTRIBUTION AGREEMENT",validation,555,4567
SFGFINANCIALCORP_05_12_2009-EX-10.1-SOFTWARE LICENSE AND MAINTENANCE AGREEMENT,train,7749,51043
"VAXCYTE,INC_05_22_2020-EX-10.19-SUPPLY AGREEMENT",train,15227,99696
"OTISWORLDWIDECORP_04_03_2020-EX-10.4-INTELLECTUAL PROPERTY AGREEMENT by and among UNITED TECHNOLOGIES CORPORATION, OTIS WORLDWIDE CORPORATION and CARRIER ~1",train,9672,62196
"GIGGLESN_HUGS,INC_06_23_2016-EX-10.2-STRATEGIC ALLIANCE AGREEMENT",train,3430,22359
ExactSciencesCorp_20180822_8-K_EX-10.1_11331629_EX-10.1_Promotion Agreement,train,24685,159187
Quaker Chemical Corporation - NON COMPETITION AND NON SOLICITATION AGREEMENT,test,3488,22700
GlobalTechnologiesGroupInc_20050928_10KSB_EX-10.9_4148808_EX-10.9_Content License Agreement,train,5899,39596
GpaqAcquisitionHoldingsInc_20200123_S-4A_EX-10.8_11951679_EX-10.8_Service Agreement,train,8649,55075
HertzGroupRealtyTrustInc_20190920_S-11A_EX-10.8_11816941_EX-10.8_Trademark License Agreement,train,2236,14313
QuantumGroupIncFl_20090120_8-K_EX-99.2_3672910_EX-99.2_Hosting Agreement,test,17414,116298
"SUCAMPOPHARMACEUTICALS,INC_11_04_2015-EX-10.2-STRATEGIC ALLIANCE AGREEMENT",train,9629,62272
KENTUCKYUTILITIESCO_03_25_2003-EX-10.65-TRANSPORTATION AGREEMENT,test,2578,16901
"PHREESIA,INC_05_28_2019-EX-10.18-STRATEGIC ALLIANCE AGREEMENT",validation,17703,120178
"Array BioPharma Inc. - LICENSE, DEVELOPMENT AND COMMERCIALIZATION AGREEMENT",train,42742,272018
MERCATAINC_03_09_2000-EX-10.21-SPONSORSHIP AGREEMENT,test,3224,23672
"MEDALISTDIVERSIFIEDREIT,INC_05_18_2020-EX-10.1-CONSULTING AGREEMENT",validation,3724,24315
"FOUNDATIONMEDICINE,INC_02_02_2015-EX-10.2-Collaboration Agreement",test,26407,172142
RevolutionMedicinesInc_20200117_S-1_EX-10.1_11948417_EX-10.1_Development Agreement,train,40936,266213
AFSALABANCORPINC_08_01_1996-EX-1.1-AGENCY AGREEMENT,train,17813,121559
"ETELOS,INC_03_09_2004-EX-10.8-DISTRIBUTOR AGREEMENT",train,3863,25647
LifewayFoodsInc_20160316_10-K_EX-10.24_9489766_EX-10.24_Endorsement Agreement,train,1656,10996
"LEGACYTECHNOLOGYHOLDINGS,INC_12_09_2005-EX-10.2-DISTRIBUTOR AGREEMENT",test,1937,15113
DeltathreeInc_19991102_S-1A_EX-10.19_6227850_EX-10.19_Co-Branding Agreement_ Service Agreement,train,4070,28825
"SPRINGBANKPHARMACEUTICALS,INC_04_08_2020-EX-99.A-JOINT FILING AGREEMENT",train,246,1556
ImineCorp_20180725_S-1_EX-10.5_11275970_EX-10.5_Distributor Agreement,train,5369,34461
CCAINDUSTRIESINC_04_14_2014-EX-10.1-OUTSOURCING AGREEMENT,train,4889,31914
Microgenics Corporation - Collaborative Development and Commercialization Agreement,train,28415,190261
SigaTechnologiesInc_20190603_8-K_EX-10.1_11695818_EX-10.1_Promotion Agreement,train,22348,144443
VgrabCommunicationsInc_20200129_10-K_EX-10.33_11958828_EX-10.33_Development Agreement,train,2297,14822
AIRTECHINTERNATIONALGROUPINC_05_08_2000-EX-10.4-FRANCHISE AGREEMENT,train,11368,73869
IMMUNOMEDICSINC_08_07_2019-EX-10.1-PROMOTION AGREEMENT,validation,24022,154812
HPILHOLDING_01_07_2015-EX-99.1-COOPERATION AGREEMENT,train,2626,20008
BravatekSolutionsInc_20170418_8-K_EX-10.1_10205739_EX-10.1_Reseller Agreement,test,2384,15871
SPORTHALEYINC_09_29_1997-EX-10.2-10-ENDORSEMENT AGREEMENT,train,1537,11930
XENCORINC_10_25_2013-EX-10.24-COLLABORATION AGREEMENT (3),train,20117,140106
NETGROCERINC_07_31_1998-EX-10.15-SPONSORSHIP AGREEMENT,train,5206,45040
CoherusBiosciencesInc_20200227_10-K_EX-10.29_12021376_EX-10.29_Development Agreement,train,21991,146058
FEDERATEDGOVERNMENTINCOMESECURITIESINC_04_28_2020-EX-99.SERV AGREE-SERVICES AGREEMENT_POWEROF,train,2213,14384
DIVERSINETCORP_03_01_2012-EX-4-RESELLER AGREEMENT,train,11296,75389
NmfSlfIInc_20200115_10-12GA_EX-10.5_11946987_EX-10.5_Trademark License Agreement,train,2694,17064
"CURAEGISTECHNOLOGIES,INC_05_26_2010-EX-1-CORPORATE SPONSORSHIP AGREEMENT",test,1975,12624
KALLOINC_11_03_2011-EX-10.1-STRATEGIC ALLIANCE AGREEMENT,train,11172,75458
GridironBionutrientsInc_20171206_8-K_EX-10.1_10972555_EX-10.1_Endorsement Agreement,train,4601,29208
MOSSIMOINC_04_14_2000-EX-10.14-ENDORSEMENT AGREEMENT,test,3480,24307
FEDERATEDGOVERNMENTINCOMESECURITIESINC_04_28_2020-EX-99.SERV AGREE-SERVICES AGREEMENT_AMENDMENT,validation,564,3860
RandWorldwideInc_20010402_8-KA_EX-10.2_2102464_EX-10.2_Co-Branding Agreement,train,6718,48159
GOLDRESOURCECORP_12_11_2008-EX-10.1-STRATEGIC ALLIANCE AGREEMENT,train,8786,55434
"Loop Industries, Inc. - Marketing Agreement",train,5244,34740
BloomEnergyCorp_20180321_DRSA (on S-1)_EX-10_11240356_EX-10_Maintenance Agreement,test,16116,104732
AudibleInc_20001113_10-Q_EX-10.32_2599586_EX-10.32_Co-Branding Agreement_ Marketing Agreement_ Investment Distribution Agreement,train,11211,77102
HOLIDAYRVSUPERSTORESINC_04_15_2002-EX-10.13-ENDORSEMENT AGREEMENT,test,2189,14157
WOMENSGOLFUNLIMITEDINC_03_29_2000-EX-10.13-ENDORSEMENT AGREEMENT,train,4539,32371
NeuroboPharmaceuticalsInc_20190903_S-4_EX-10.36_11802165_EX-10.36_Manufacturing Agreement_ Supply Agreement,train,3094,20000
SONUSCORP_03_12_1997-EX-10.11-SPONSORSHIP AGREEMENT,train,3891,34903
RangeResourcesLouisianaInc_20150417_8-K_EX-10.5_9045501_EX-10.5_Transportation Agreement,train,15659,100284
CHAPARRALRESOURCESINC_03_30_2000-EX-10.66-TRANSPORTATION CONTRACT,train,3865,26830
ScansourceInc_20190509_10-Q_EX-10.2_11661422_EX-10.2_Distributor Agreement,train,2131,14149
AURASYSTEMSINC_06_16_2010-EX-10.25-STRATEGIC ALLIANCE AGREEMENT,train,6938,45033
IpassInc_20181203_8-K_EX-99.1_11445874_EX-99.1_Reseller Agreement,train,11394,73860
VERSOTECHNOLOGIESINC_12_28_2007-EX-99.3-INTELLECTUAL PROPERTY AGREEMENT,train,739,5046
SoupmanInc_20150814_8-K_EX-10.1_9230148_EX-10.1_Franchise Agreement4,train,492,3314
EhaveInc_20190515_20-F_EX-4.44_11678816_EX-4.44_License Agreement_ Reseller Agreement,train,13634,87070
BOLIVARMININGCORP_05_23_2003-EX-2.1-VISP WEB SITE BUILDING AND HOSTING AGREEMENT,train,1736,11539
"UNITEDNATIONALBANCORP_03_03_1999-EX-99-Outsourcing Agreement with the BISYS Group, Inc.",train,279,1952
"GALERATHERAPEUTICS,INC_02_14_2020-EX-99.A-JOINT FILING AGREEMENT",train,623,3892
VirtuosoSurgicalInc_20191227_1-A_EX1A-6 MAT CTRCT_11933379_EX1A-6 MAT CTRCT_License Agreement,test,5675,35902
"ROCKYMOUNTAINCHOCOLATEFACTORY,INC_12_23_2019-EX-10.2-STRATEGIC ALLIANCE AGREEMENT",test,19420,121115
VITAMINSHOPPECOMINC_09_13_1999-EX-10.26-SPONSORSHIP AGREEMENT,validation,8223,88105
"SOLUTIONSVENDINGINTERNATIONAL,INC_03_31_2020-EX1A-1 UNDR AGMT-SERVICES AGREEMENT",validation,1122,7124
InnerscopeHearingTechnologiesInc_20181109_8-K_EX-10.6_11419704_EX-10.6_Distributor Agreement,train,3360,22396
SmartRxSystemsInc_20180914_1-A_EX1A-6 MAT CTRCT_11351705_EX1A-6 MAT CTRCT_Distributor Agreement,test,6123,39984
"Reinsurance Group of America, Incorporated - A_R REMARKETING  AGREEMENT",test,16074,102071
BIOFRONTERAAG_04_29_2019-EX-4.17-SUPPLY AGREEMENT,test,9771,63723
"CORALGOLDRESOURCES,LTD_05_28_2020-EX-4.1-CONSULTING AGREEMENT",train,4730,29749
Cerus Corporation - FIRST AMEND TO SUPPLY AND MANUFACTURING AGREEMENT,train,1796,11420
OLDAPIWIND-DOWNLTD_01_08_2016-EX-1.3-AGENCY AGREEMENT2,train,630,3886
ATENTOSA_07_06_2020-EX-99.1-JOINT FILING AGREEMENT,validation,357,2298
HealthcentralCom_19991108_S-1A_EX-10.27_6623292_EX-10.27_Co-Branding Agreement,test,6492,45042
GAINSCOINC_01_21_2010-EX-10.41-SPONSORSHIP AGREEMENT,train,2452,15696
"TURNKEYCAPITAL,INC_07_20_2017-EX-1.1-Strategic Alliance Agreement",validation,1988,12648
IVILLAGEINC_03_17_1999-EX-10.16-SPONSORSHIP AGREEMENT,train,3407,23723
PaperexchangeComInc_20000322_S-1A_EX-10.4_5202103_EX-10.4_Co-Branding Agreement,train,12480,92875
"IPAYMENT,INC_05_14_2007-EX-10.1-SPONSORSHIP AGREEMENT",train,14652,96662
BIOPURECORP_06_30_1999-EX-10.13-AGENCY AGREEMENT,train,5757,40590
RISEEDUCATIONCAYMANLTD_04_17_2020-EX-4.23-SERVICE AGREEMENT,train,2394,16372
STARTECGLOBALCOMMUNICATIONSCORP_11_16_1998-EX-10.30-CONSTRUCTION AND MAINTENANCE AGREEMENT,train,14551,116260
LejuHoldingsLtd_20140121_DRS (on F-1)_EX-10.26_8473102_EX-10.26_Content License Agreement2,train,327,2180
TRIZETTOGROUPINC_08_18_1999-EX-10.17-TECHNICAL INFRASTRUCTURE MAINTENANCE AGREEMENT,train,2208,17786
FIBROGENINC_10_01_2014-EX-10.11-COLLABORATION AGREEMENT,train,24526,155655
"KNOWLABS,INC_08_15_2005-EX-10-INTELLECTUAL PROPERTY AGREEMENT",train,1970,14792
UAGHINC_04_14_2004-EX-10.18-MAINTENANCE AGREEMENT,test,2676,16823
"ARMSTRONGFLOORING,INC_01_07_2019-EX-10.2-INTELLECTUAL PROPERTY AGREEMENT",train,10349,69759
"SPIENERGYCO,LTD_07_10_2014-EX-10-Cooperation Agreement of 50MWp Photovoltaic Grid-connected Power Generation Project in Yangqiao of~1",train,413,2811
VitalibisInc_20180316_8-K_EX-10.2_11100168_EX-10.2_Hosting Agreement,train,7045,46187
SoupmanInc_20150814_8-K_EX-10.1_9230148_EX-10.1_Franchise Agreement1,test,22750,144235
HEALTHGATEDATACORP_11_24_1999-EX-10.1-HOSTING AND MANAGEMENT AGREEMENT - Escrow Agreement,train,4201,35612
BNLFINANCIALCORP_03_30_2007-EX-10.8-OUTSOURCING AGREEMENT,validation,6470,39863
IntegrityMediaInc_20010329_10-K405_EX-10.17_2373875_EX-10.17_Co-Branding Agreement,train,3545,29253
"IOVANCEBIOTHERAPEUTICS,INC_08_03_2017-EX-10.1-STRATEGIC ALLIANCE AGREEMENT",test,10693,69147
NEONSYSTEMSINC_03_01_1999-EX-10.5-DISTRIBUTOR AGREEMENT_New,train,8888,61463
TELKOMSALTD_01_30_2003-EX-10-LICENCE AND MAINTENANCE AGREEMENT,validation,16176,105748
"FIDELITYNATIONALINFORMATIONSERVICES,INC_08_05_2009-EX-10.3-INTELLECTUAL PROPERTY AGREEMENT",train,19341,155463
WatchitMediaInc_20061201_8-K_EX-10.1_4148672_EX-10.1_Content License Agreement,train,342,2106
TRUENORTHENERGYCORP_02_08_2007-EX-10.1-DEVELOPMENT AGREEMENT,train,6961,43803
GentechHoldingsInc_20190808_1-A_EX1A-6 MAT CTRCT_11776814_EX1A-6 MAT CTRCT_Distributor Agreement,train,4097,26733
TICKETSCOMINC_06_22_1999-EX-10.22-SPONSORSHIP AGREEMENT,train,1155,8080
"ADMA BioManufacturing, LLC -  Amendment #3 to Manufacturing Agreement ",train,2478,15312
OFGBANCORP_03_28_2007-EX-10.23-OUTSOURCING AGREEMENT,train,24004,159336
"OMINTO,INC_03_29_2004-EX-10-RESELLER AGREEMENT",train,3983,28463
"DUOSTECHNOLOGIESGROUP,INC_04_21_2009-EX-10.1-STRATEGIC ALLIANCE AGREEMENT",test,7148,46298
OLDAPIWIND-DOWNLTD_01_08_2016-EX-1.3-AGENCY AGREEMENT1,train,15521,98009
"ADIANUTRITION,INC_04_01_2005-EX-10.D2-RESELLER AGREEMENT",train,4051,26347
"ATHENSBANCSHARESCORP_11_02_2009-EX-1.2-AGENCY AGREEMENT , 2009",train,23419,145307
"GSITECHNOLOGYINC_11_16_2009-EX-10.2-INTELLECTUAL PROPERTY AGREEMENT between SONY ELECTRONICS INC. and GSI TECHNOLOGY, INC.",validation,5558,37337
MusclepharmCorp_20170208_10-KA_EX-10.38_9893581_EX-10.38_Co-Branding Agreement,train,13393,87795
"PAXMEDICA,INC_07_02_2020-EX-10.12-Master Service Agreement",test,2694,16792
SoupmanInc_20150814_8-K_EX-10.1_9230148_EX-10.1_Franchise Agreement3,train,438,2974
MOVADOGROUPINC_04_30_2003-EX-10.28-ENDORSEMENT AGREEMENT,test,2710,17627
StaarSurgicalCompany_20180801_10-Q_EX-10.37_11289449_EX-10.37_Distributor Agreement,train,7649,49760
EmeraldHealthBioceuticalsInc_20200218_1-A_EX1A-6 MAT CTRCT_11987205_EX1A-6 MAT CTRCT_Development Agreement,train,2606,16459
"DRIVENDELIVERIES,INC_05_22_2020-EX-10.4-CONSULTING AGREEMENT",train,4188,27899
STAMPSCOMINC_06_24_1999-EX-10.18-SPONSORSHIP AGREEMENT,test,5496,40856
BEYONDCOMCORP_08_03_2000-EX-10.2-CO-HOSTING AGREEMENT,train,7991,58300
CHEETAHMOBILEINC_04_22_2014-EX-10.43-Cooperation Agreement,test,6230,39177
ClickstreamCorp_20200330_1-A_EX1A-6 MAT CTRCT_12089935_EX1A-6 MAT CTRCT_Development Agreement,validation,5445,34191
NEOMEDIATECHNOLOGIESINC_12_15_2005-EX-16.1-DISTRIBUTOR AGREEMENT,validation,4973,36275
"ADUROBIOTECH,INC_06_02_2020-EX-10.7-CONSULTING AGREEMENT(1)",validation,1850,12020
LejuHoldingsLtd_20140121_DRS (on F-1)_EX-10.26_8473102_EX-10.26_Content License Agreement1,train,7198,46696
"VISIUMTECHNOLOGIES,INC_10_20_2004-EX-10.20-DISTRIBUTOR AGREEMENT",train,7706,49784
"HALITRON,INC_03_01_2005-EX-10.15-SPONSORSHIP AND DEVELOPMENT AGREEMENT",train,4429,30102
"INNOVIVA,INC_08_07_2014-EX-10.1-COLLABORATION AGREEMENT",train,28937,191775
SoupmanInc_20150814_8-K_EX-10.1_9230148_EX-10.1_Franchise Agreement2,train,844,5504
"ADUROBIOTECH,INC_06_02_2020-EX-10.7-CONSULTING AGREEMENT",train,1850,12020
CybergyHoldingsInc_20140520_10-Q_EX-10.27_8605784_EX-10.27_Affiliate Agreement,train,5326,33825
MANAKOASERVICESCORP_11_21_2007-EX-7.5-STRATEGIC ALLIANCE AGREEMENT,train,2355,14879
WestPharmaceuticalServicesInc_20200116_8-K_EX-10.1_11947529_EX-10.1_Supply Agreement,validation,12651,82898
PANDIONTHERAPEUTICSHOLDCOLLC_05_22_2020-EX-10.17-CONSULTING AGREEMENT,train,3527,22730
FLOTEKINDUSTRIESINCCN_05_09_2019-EX-10.1-SUPPLY AGREEMENT,validation,3037,19355
EUROPEANMICROHOLDINGSINC_03_06_1998-EX-10.6-DISTRIBUTOR AGREEMENT,train,7939,56952
BizzingoInc_20120322_8-K_EX-10.17_7504499_EX-10.17_Endorsement Agreement,validation,3696,24223
KitovPharmaLtd_20190326_20-F_EX-4.15_11584449_EX-4.15_Manufacturing Agreement,train,8964,57436
BellringBrandsInc_20190920_S-1_EX-10.12_11817081_EX-10.12_Manufacturing Agreement3,test,1240,8024
GOCALLINC_03_30_2000-EX-10.7-Promotion Agreement,train,2983,22348
LEJUHOLDINGSLTD_03_12_2014-EX-10.34-INTERNET CHANNEL COOPERATION AGREEMENT,test,5930,37031
BLACKSTONEGSOLONG-SHORTCREDITINCOMEFUND_05_11_2020-EX-99.(K)(1)-SERVICE AGREEMENT,train,8073,52334
PHLVARIABLEINSURANCECOCT_08_17_2009-EX-10.1-STRATEGIC ALLIANCE AGREEMENT,train,15724,100746
"MEETGROUP,INC_06_29_2017-EX-10.1-COOPERATION AGREEMENT",train,9394,59532
GluMobileInc_20070319_S-1A_EX-10.09_436630_EX-10.09_Content License Agreement3,validation,545,3422
ADAPTIMMUNETHERAPEUTICSPLC_04_06_2017-EX-10.11-STRATEGIC ALLIANCE AGREEMENT,train,15471,101167
ENTRUSTINC_07_24_1998-EX-10.5-STRATEGIC ALLIANCE AGREEMENT,validation,5893,45879
SYKESHEALTHPLANSERVICESINC_04_24_1998-EX-10.14-OUTSOURCING AGREEMENT,train,1876,12852
NATIONALPROCESSINGINC_07_18_1996-EX-10.4-SPONSORSHIP AGREEMENT,validation,4359,32860
"MFAFINANCIAL,INC_07_06_2020-EX-99.D-JOINT FILING AGREEMENT",train,578,3595
SimplicityEsportsGamingCompany_20181130_8-K_EX-10.1_11444071_EX-10.1_Franchise Agreement,test,4347,28529
QIWI_06_16_2017-EX-99.(D)(2)-COOPERATION AGREEMENT,train,4170,26192
RemarkHoldingsInc_20081114_10-Q_EX-10.24_2895649_EX-10.24_Content License Agreement,train,9178,59089
CnsPharmaceuticalsInc_20200326_8-K_EX-10.1_12079626_EX-10.1_Development Agreement,train,3260,20791
GluMobileInc_20070319_S-1A_EX-10.09_436630_EX-10.09_Content License Agreement2,validation,1853,11954
PROFOUNDMEDICALCORP_08_29_2019-EX-4.5-SUPPLY AGREEMENT,test,10152,66442
TRICITYBANKSHARESCORP_05_15_1998-EX-10-OUTSOURCING AGREEMENT,test,15402,101639
"BLUEHILLSBANCORP,INC_05_20_2014-EX-1.1-AGENCY AGREEMENT",test,21046,130742
GarrettMotionInc_20181001_8-K_EX-2.4_11364532_EX-2.4_Intellectual Property Agreement,train,8757,56509
TheglobeComInc_19990503_S-1A_EX-10.20_5416126_EX-10.20_Co-Branding Agreement,test,6614,48004
EmbarkComInc_19991008_S-1A_EX-10.10_6487661_EX-10.10_Co-Branding Agreement,train,5039,35136
"HC2HOLDINGS,INC_05_14_2020-EX-10.1-COOPERATION AGREEMENT",train,8562,54866
TRANSMONTAIGNEPARTNERSLLC_03_13_2020-EX-10.9-SERVICES AGREEMENT,test,880,5886
"COOLTECHNOLOGIES,INC_10_25_2017-EX-10.71-Strategic Alliance Agreement",test,2154,13548
Monsanto Company - SECOND A_R EXCLUSIVE AGENCY AND MARKETING AGREEMENT ,train,33833,221382
ALLIANCEBANCORPINCOFPENNSYLVANIA_10_18_2006-EX-1.2-AGENCY AGREEMENT,test,20957,130256
XpresspaGroupInc_20190401_10-K_EX-10.28_11599457_EX-10.28_Marketing Agreement,validation,8460,52106
ElPolloLocoHoldingsInc_20200306_10-K_EX-10.16_12041700_EX-10.16_Development Agreement,test,9315,60618
BellringBrandsInc_20190920_S-1_EX-10.12_11817081_EX-10.12_Manufacturing Agreement2,test,344,2274
IdeanomicsInc_20160330_10-K_EX-10.26_9512211_EX-10.26_Content License Agreement,test,6321,40866
BIOAMBERINC_04_10_2013-EX-10.34-DEVELOPMENT AGREEMENT (1),train,5818,38733
ACCELERATEDTECHNOLOGIESHOLDINGCORP_04_24_2003-EX-10.13-JOINT VENTURE AGREEMENT,validation,1911,13038
PrudentialBancorpInc_20170606_8-K_EX-10.4_10474434_EX-10.4_Endorsement Agreement,validation,2264,14155
SEASPINEHOLDINGSCORP_10_10_2018-EX-10.1-SUPPLY AGREEMENT,train,10675,70898
"BERKELEYLIGHTS,INC_06_26_2020-EX-10.12-COLLABORATION AGREEMENT",train,32708,209067
UnionDentalHoldingsInc_20050204_8-KA_EX-10_3345577_EX-10_Affiliate Agreement,train,1850,14083
WOMENSGOLFUNLIMITEDINC_03_29_2000-EX-10.13-ENDORSEMENT AGREEMENT - Intellectual Property Rights                 Confidentiality and Non-Use Obligations Agreement,train,940,7042
SPHERE3DCORP_06_24_2020-EX-10.12-CONSULTING AGREEMENT,test,1897,12394
ENTERPRISEPRODUCTSPARTNERSLP_07_08_1998-EX-10.3-TRANSPORTATION CONTRACT,train,11141,74915
HerImports_20161018_8-KA_EX-10.14_9765707_EX-10.14_Maintenance Agreement,train,1595,10217
PROLONGINTERNATIONALCORP_03_23_1998-EX-10.16-SPONSORSHIP AGREEMENT,validation,2180,14969
DYNTEKINC_07_30_1999-EX-10-ONLINE HOSTING AGREEMENT,train,4009,25214
ALAMOGORDOFINANCIALCORP_12_16_1999-EX-1-AGENCY AGREEMENT,train,18815,143307
StampscomInc_20001114_10-Q_EX-10.47_2631630_EX-10.47_Co-Branding Agreement,test,11730,87014
InvendaCorp_20000828_S-1A_EX-10.2_2588206_EX-10.2_Co-Branding Agreement,train,14682,114759
WebmdHealthCorp_20050908_S-1A_EX-10.7_1027007_EX-10.7_Content License Agreement,test,2356,14993
SANDRIDGEENERGYINC_08_06_2009-EX-10.6-OPERATIONS AND MAINTENANCE AGREEMENT,train,10964,73119
ON4COMMUNICATIONSINC_07_02_2009-EX-10.1-PROMOTION AGREEMENT,test,2349,15103
GluMobileInc_20070319_S-1A_EX-10.09_436630_EX-10.09_Content License Agreement1,test,17147,112794
HfEnterprisesInc_20191223_S-1_EX-10.22_11931299_EX-10.22_Development Agreement,train,2923,19435
ICORECONNECTINC_10_13_2010-EX-7.1-Strategic Alliance Agreement,train,3913,25246
BANUESTRAFINANCIALCORP_09_08_2006-EX-10.16-AGENCY AGREEMENT,train,7308,45214
ArtaraTherapeuticsInc_20200110_8-K_EX-10.5_11943350_EX-10.5_License Agreement,train,5818,38330
NlsPharmaceuticsLtd_20200228_F-1_EX-10.14_12029046_EX-10.14_Development Agreement,train,10546,67932
TEARDROPGOLFCO_10_23_1996-EX-10.12-ENDORSEMENT AGREEMENT,train,3682,26215
"VIRTUALSCOPICS,INC_11_12_2010-EX-10.1-STRATEGIC ALLIANCE AGREEMENT",train,7273,46057
BellringBrandsInc_20190920_S-1_EX-10.12_11817081_EX-10.12_Manufacturing Agreement1,train,6565,42473
BLUEFLYINC_03_27_2002-EX-10.27-e-business Hosting Agreement,train,5136,37351
ASIANDRAGONGROUPINC_08_11_2005-EX-10.5-Reseller Agreement,train,7018,45002
MANUFACTURERSSERVICESLTD_06_05_2000-EX-10.14-OUTSOURCING AGREEMENT,train,41962,338211
LiquidmetalTechnologiesInc_20200205_8-K_EX-10.1_11968198_EX-10.1_Development Agreement,train,12529,83972
PlayboyEnterprisesInc_20090220_10-QA_EX-10.2_4091580_EX-10.2_Content License Agreement_ Marketing Agreement_ Sales-Purchase Agreement2,train,526,3558
ZtoExpressCaymanInc_20160930_F-1_EX-10.10_9752871_EX-10.10_Transportation Agreement,train,1468,9174
ScansourceInc_20190822_10-K_EX-10.39_11793959_EX-10.39_Distributor Agreement,train,1605,10891
LOOKSMARTLTD_07_20_2012-EX-99.(D)(I)-SPONSORSHIP AGREEMENT,train,3945,25922
2ThemartComInc_19990826_10-12G_EX-10.10_6700288_EX-10.10_Co-Branding Agreement_ Agency Agreement,validation,4467,29454
MOELIS_CO_03_24_2014-EX-10.19-STRATEGIC ALLIANCE AGREEMENT,train,18625,122054
XYBERNAUTCORP_07_12_2002-EX-4-SPONSORSHIP AGREEMENT,train,6661,48489
"CARDAX,INC_08_19_2014-EX-10.1-COLLABORATION AGREEMENT",train,8586,56539
PcquoteComInc_19990721_S-1A_EX-10.11_6377149_EX-10.11_Co-Branding Agreement2,validation,123,857
"MACY_S,INC_05_11_2020-EX-99.4-JOINT FILING AGREEMENT",validation,216,1397
TALCOTTRESOLUTIONLIFEINSURANCECO-SEPARATEACCOUNTTWELVE_04_30_2020-EX-99.8(L)-SERVICE AGREEMENT,train,4724,29797
ArmstrongFlooringInc_20190107_8-K_EX-10.2_11471795_EX-10.2_Intellectual Property Agreement,validation,8284,56858
PFSFUNDS_06_26_2020-EX-99.H OTH MAT CONT-SERVICES AGREEMENT,validation,2435,15052
WaterNowInc_20191120_10-Q_EX-10.12_11900227_EX-10.12_Distributor Agreement,validation,7396,48412
MTITECHNOLOGYCORP_11_16_2004-EX-10.102-Reseller Agreement Premier Addendum,train,4685,32744
SCOUTCAMINC_05_12_2020-EX-10.22-SERVICES AGREEMENT,train,1305,8315
PharmagenInc_20120803_8-KA_EX-10.1_7693204_EX-10.1_Endorsement Agreement,train,2778,17886
DRKOOPCOMINC_04_21_1999-EX-10.28-SPONSORSHIP AGREEMENT,train,5546,39177
IMPCOTECHNOLOGIESINC_04_15_2003-EX-10.65-JOINT VENTURE AGREEMENT,train,10211,63439
EbixInc_20010515_10-Q_EX-10.3_4049767_EX-10.3_Co-Branding Agreement,train,6272,42972
"VNUE,INC_07_10_2015-EX-10.1-SPONSORSHIP AGREEMENT",train,3207,20487
LegacyEducationAllianceInc_20141110_8-K_EX-10.9_8828866_EX-10.9_Endorsement Agreement,train,3149,19913
EcoScienceSolutionsInc_20180406_8-K_EX-10.1_11135398_EX-10.1_Sponsorship Agreement,validation,1236,8052
PcquoteComInc_19990721_S-1A_EX-10.11_6377149_EX-10.11_Co-Branding Agreement3,train,395,2558
GluMobileInc_20070319_S-1A_EX-10.09_436630_EX-10.09_Content License Agreement4,train,291,1902
"GOOSEHEADINSURANCE,INC_04_02_2018-EX-10.6-Franchise Agreement",train,47733,300768
"OPTIMIZEDTRANSPORTATIONMANAGEMENT,INC_07_26_2000-EX-6.6-DISTRIBUTOR AGREEMENT",train,1367,10801
IMAGEWARESYSTEMSINC_12_20_1999-EX-10.22-MAINTENANCE AGREEMENT,validation,2925,21778
NakedBrandGroupInc_20150731_POS AM (on S-1)_EX-10.75_9196027_EX-10.75_Endorsement Agreement,train,7601,48410
IdeanomicsInc_20151124_8-K_EX-10.2_9354744_EX-10.2_Content License Agreement,train,5426,35189
ZONDWINDSYSTEMPARTNERSLTDSERIES85-B_04_03_2006-EX-10-MANAGEMENT AND MAINTENANCE AGREEMENT,train,1368,17712
IbioInc_20200313_8-K_EX-10.1_12052678_EX-10.1_Development Agreement,train,4657,30544
BellringBrandsInc_20190920_S-1_EX-10.12_11817081_EX-10.12_Manufacturing Agreement4,train,258,1742
ParatekPharmaceuticalsInc_20170505_10-KA_EX-10.29_10323872_EX-10.29_Outsourcing Agreement,train,17726,114893
JOINTCORP_09_19_2014-EX-10.15-FRANCHISE AGREEMENT,train,26623,167259
VnueInc_20150914_8-K_EX-10.1_9259571_EX-10.1_Promotion Agreement,train,1634,10553
NEXSTARFINANCEHOLDINGSINC_03_27_2002-EX-10.26-OUTSOURCING AGREEMENT,train,18265,120459
SUNTRONCORP_05_17_2006-EX-10.22-MAINTENANCE AGREEMENT,train,4818,32263
"SPIENERGYCO,LTD_03_09_2011-EX-99.5-OPERATIONS AND MAINTENANCE AGREEMENT",train,8153,54160
SteelVaultCorp_20081224_10-K_EX-10.16_3074935_EX-10.16_Affiliate Agreement,train,2709,18157
"PRECIGEN,INC_01_22_2020-EX-99.1-JOINT FILING AGREEMENT",train,145,972
PhotronicsInc_20171219_10-QA_EX-10.28_10982650_EX-10.28_Outsourcing Agreement,train,3937,25392
"KIROMICBIOPHARMA,INC_04_08_2020-EX-10.28-JOINT VENTURE AGREEMENT",train,5749,36610
EMERALDHEALTHTHERAPEUTICSINC_06_10_2020-EX-4.5-CONSULTING AGREEMENT - DR. GAETANO MORELLO N.D. INC.,train,3192,20637
PlayboyEnterprisesInc_20090220_10-QA_EX-10.2_4091580_EX-10.2_Content License Agreement_ Marketing Agreement_ Sales-Purchase Agreement1,train,17994,117118
TubeMediaCorp_20060310_8-K_EX-10.1_513921_EX-10.1_Affiliate Agreement,validation,10728,69973
"MARSHALLHOLDINGSINTERNATIONAL,INC_04_14_2004-EX-10.15-ENDORSEMENT AGREEMENT",train,1716,12962
PcquoteComInc_19990721_S-1A_EX-10.11_6377149_EX-10.11_Co-Branding Agreement1,train,3025,19851
BLACKBOXSTOCKSINC_08_05_2014-EX-10.1-DISTRIBUTOR AGREEMENT,train,2706,17234
ALCOSTORESINC_12_14_2005-EX-10.26-AGENCY AGREEMENT,train,1807,11355
WARNERCHILCOTTPLC_12_31_2003-EX-4.36-DEVELOPMENT AGREEMENT,train,4152,29683
VertexEnergyInc_20200113_8-K_EX-10.1_11943624_EX-10.1_Marketing Agreement,train,7280,45072
NETZEEINC_11_14_2002-EX-10.3-MAINTENANCE AGREEMENT,train,464,3474
REGANHOLDINGCORP_03_31_2008-EX-10-LICENSE AND HOSTING AGREEMENT,train,8824,55889
INGEVITYCORP_05_16_2016-EX-10.5-INTELLECTUAL PROPERTY AGREEMENT,train,9967,63376
MidwestEnergyEmissionsCorp_20080604_8-K_EX-10.2_3093976_EX-10.2_Content License Agreement,train,5199,33917
"NOVOINTEGRATEDSCIENCES,INC_12_23_2019-EX-10.1-JOINT VENTURE AGREEMENT",train,3412,21955
HYDRONTECHNOLOGIESINC_03_31_1997-EX-10.47-SPONSORSHIP AGREEMENT,train,4114,28932
CcRealEstateIncomeFundadv_20181205_POS 8C_EX-99.(H)(3)_11447739_EX-99.(H)(3)_Marketing Agreement,train,4695,30127
"BLUEROCKRESIDENTIALGROWTHREIT,INC_06_01_2016-EX-1.1-AGENCY AGREEMENT",train,20909,134179
XinhuaSportsEntertainmentLtd_20070221_F-1_EX-99.4_645553_EX-99.4_Content License Agreement,train,2472,19128
MERITLIFEINSURANCECO_06_19_2020-EX-10.(XIV)-MASTER SERVICES AGREEMENT,validation,3328,22090
"TALLGRASSENERGY,LP_02_20_2020-EX-99.26-JOINT FILING AGREEMENT",validation,621,3971
KINGPHARMACEUTICALSINC_08_09_2006-EX-10.1-PROMOTION AGREEMENT,train,26840,173240
PerformanceSportsBrandsInc_20110909_S-1_EX-10.10_7220214_EX-10.10_Endorsement Agreement,validation,4118,27166
